Submission Date,Your Submission Identifier,NCAA Division,OPTIONAL: Position Title,Up 3 Fouling Input,Up 3:   a,Up 3:  b,Up 3:   c,Up 3:   d,Down 3:   a,Down 3:   b,Down 3:   c,Down 3:   d,Down 2:   a,Down 2:   b,Down 2:   c,Down 2:   d,Down 1:   a,Down 1:   b,Down 1:   c,Down 1:   d
"Sep 12, 2022","We*0xdpCKT$l0i_1p.'g3""v}Q.p_y//a",1,Assistant Coach,6.0,"[0,0]","[6,6]","[0,0]","[6,0]","[-1,-1]","[-1,-1]","[-1,-1]","[-1,-1]","[-1,-1]","[-1,-1]","[-1,-1]","[-1,-1]","[-1,-1]","[-1,-1]","[-1,-1]","[-1,-1]"
"Sep 10, 2022",D_x^WGm{4~[bA1G!3##*LeQqzCiV{)}%,1,Graduate Assistant,10,"[0,0]","[10,10]","[0,0]","[10,0]","[-1,-1]","[-1,-1]","[-1,-1]","[-1,-1]","[-1,-1]","[-1,-1]","[-1,-1]","[-1,-1]","[-1,-1]","[-1,-1]","[-1,-1]","[-1,-1]"
"Sep 2, 2022","?u6z]St>4zFcIH,l(@A?`JkYQ_x{%RHL",1,Assistant Coach,8,"[0,0]","[8,8]","[0,0]","[8,0]","[0,0]","[45,30]","[30,30]","[45,0]","[0,0]","[40,30]","[30,30]","[40,0]","[0,0]","[35,30]","[30,30]","[35,0]"
"Aug 31, 2022",v'cF;^9>o2a6>3h=Rc9#Rp8H'TwpgU((,1,Assistant Coach,between 8-4,"[4,0]","[4,4]","[8,8]","[8,0]","[0,0]","[30,30]","[0,0]","[30,0]","[0,0]","[30,30]","[0,0]","[30,0]","[0,0]","[30,30]","[0,0]","[30,0]"
"Aug 30, 2022",?YH'1Lyv>V<#k({>>#9{KhPihu?8qr#?,1,Video Coordinator,0,"[0,0]","[0,0]","[0,0]","[0,0]","[0,0]","[45,30]","[30,30]","[15,0]","[0,0]","[40,30]","[30,30]","[10,0]","[0,0]","[40,30]","[30,30]","[10,0]"
"Aug 30, 2022","h?2u""]#aQ7NudnIQA(1A1`}0!ob9Ly}O",1,Director of Basketball Operations,0,"[0,0]","[0,0]","[0,0]","[0,0]","[0,0]","[40,30]","[30,30]","[0,0]","[0,0]","[40,30]","[30,30]","[0,0]","[0,0]","[40,30]","[30,30]","[0,0]"
"Aug 29, 2022","q/0=vSj*OX3^~;[Sw0Pg8ga{~APd""J3H",1,,under 5 sec,"[0,0]","[5,5]","[0,0]","[5,0]","[-1,-1]","[-1,-1]","[-1,-1]","[-1,-1]","[-1,-1]","[-1,-1]","[-1,-1]","[-1,-1]","[-1,-1]","[-1,-1]","[-1,-1]","[-1,-1]"
"Aug 29, 2022",1an*J5'kj1(GQ<.]*JJ-8Fvj@?E!9::J,1,Head Coach,10,"[0,0]","[10,10]","[0,0]","[10,0]","[-1,-1]","[-1,-1]","[-1,-1]","[-1,-1]","[-1,-1]","[-1,-1]","[-1,-1]","[-1,-1]","[-1,-1]","[-1,-1]","[-1,-1]","[-1,-1]"
"Aug 29, 2022","v4;g2nY'>C5Vz'WPXl""5j<|=L{@43>(k",1,Video Coordinator,8,"[0,0]","[8,8]","[0,0]","[8,0]","[-1,-1]","[-1,-1]","[-1,-1]","[-1,-1]","[-1,-1]","[-1,-1]","[-1,-1]","[-1,-1]","[-1,-1]","[-1,-1]","[-1,-1]","[-1,-1]"
"Aug 29, 2022",Wi`'8i9JDR@Dgd.2.55yb$WMsI)#FsLw,1,,Under 8 sec,"[0,0]","[8,8]","[0,0]","[8,0]","[-1,-1]","[-1,-1]","[-1,-1]","[-1,-1]","[-1,-1]","[-1,-1]","[-1,-1]","[-1,-1]","[-1,-1]","[-1,-1]","[-1,-1]","[-1,-1]"
"Aug 29, 2022",1NmUlct{BbVVxW3^JR4k.CDoV/4JO]C/,1,Special Assistant to the HC & Recruiting Coordinator,5,"[0,0]","[5,5]","[0,0]","[5,0]","[0,0]","[22,22]","[0,0]","[22,0]","[0,0]","[17,17]","[0,0]","[17,0]","[0,0]","[12,12]","[0,0]","[12,0]"
"Aug 29, 2022","L.dnB;""i""x/HjhHEA]n>>JF9nW2u!n's",1,Director of Basketball Operations,8-10,"[8,0]","[8,8]","[10,10]","[10,0]","[0,0]","[42,30]","[30,30]","[42,0]","[0,0]","[42,30]","[30,30]","[42,0]","[0,0]","[25,30]","[30,30]","[25,0]"
"Aug 29, 2022",";n2u$""5IerI(X3@GrzRD-""}~<0ijm?bB",1,DOBO,12,"[0,0]","[12,12]","[0,0]","[12,0]","[-1,-1]","[-1,-1]","[-1,-1]","[-1,-1]","[-1,-1]","[-1,-1]","[-1,-1]","[-1,-1]","[-1,-1]","[-1,-1]","[-1,-1]","[-1,-1]"
"Aug 29, 2022",r$/Cp_9C8`i/7$W@D(2.FeoLCH1Q5`$c,1,Associate Head Coach,3-7,"[3,0]","[3,3]","[7,7]","[7,0]","[-1,-1]","[-1,-1]","[-1,-1]","[-1,-1]","[-1,-1]","[-1,-1]","[-1,-1]","[-1,-1]","[-1,-1]","[-1,-1]","[-1,-1]","[-1,-1]"
"Aug 28, 2022",Zn*Dlu43}|ER{bmxE2FgA-]L>jGs)BWD,1,Head Coach,8,"[0,0]","[8,8]","[0,0]","[8,0]","[-1,-1]","[-1,-1]","[-1,-1]","[-1,-1]","[-1,-1]","[-1,-1]","[-1,-1]","[-1,-1]","[-1,-1]","[-1,-1]","[-1,-1]","[-1,-1]"
"Aug 28, 2022","hb%0&lt;""XNe}y8(FhEZ7j47$G#i%dkRa=,",1,Associate Head Coach,Ideally under 5,"[0,0]","[5,5]","[0,0]","[5,0]","[0,0]","[30,30]","[0,0]","[30,0]","[0,0]","[30,30]","[0,0]","[30,0]","[0,0]","[30,30]","[0,0]","[30,0]"
"Aug 28, 2022",Ydgv^OB`5_E0>Z;j4*zPl(Wowx?Aa#Bw,1,Head Coach,10,"[0,0]","[10,10]","[0,0]","[10,0]","[-1,-1]","[-1,-1]","[-1,-1]","[-1,-1]","[-1,-1]","[-1,-1]","[-1,-1]","[-1,-1]","[-1,-1]","[-1,-1]","[-1,-1]","[-1,-1]"
"Aug 28, 2022",Gs;.vB*^_Tiu|'?I/iO1YnJ8d*NxVg>H,1,Director of Basketball Operations,20,"[0,0]","[20,20]","[0,0]","[20,0]","[-1,-1]","[-1,-1]","[-1,-1]","[-1,-1]","[-1,-1]","[-1,-1]","[-1,-1]","[-1,-1]","[-1,-1]","[-1,-1]","[-1,-1]","[-1,-1]"
"Aug 27, 2022",UR6y@r)g{6h?|4)UW5M@!SbOy9Eio'iz,1,Assistant Coach,6,"[0,0]","[6,6]","[0,0]","[6,0]","[-1,-1]","[-1,-1]","[-1,-1]","[-1,-1]","[-1,-1]","[-1,-1]","[-1,-1]","[-1,-1]","[-1,-1]","[-1,-1]","[-1,-1]","[-1,-1]"
"Aug 27, 2022",|ilQ^($Qc(*%.|}VE*Q^m.<MPcTOSld8,1,,10,"[0,0]","[10,10]","[0,0]","[10,0]","[-1,-1]","[-1,-1]","[-1,-1]","[-1,-1]","[-1,-1]","[-1,-1]","[-1,-1]","[-1,-1]","[-1,-1]","[-1,-1]","[-1,-1]","[-1,-1]"
"Aug 27, 2022",3}0|Vg1&4|-ws%7L&P>w^S-)GA_l_9Ml,1,Assistant Coach,8,"[0,0]","[8,8]","[0,0]","[8,0]","[-1,-1]","[-1,-1]","[-1,-1]","[-1,-1]","[-1,-1]","[-1,-1]","[-1,-1]","[-1,-1]","[-1,-1]","[-1,-1]","[-1,-1]","[-1,-1]"
"Aug 26, 2022",uoz]RIRP5WC@FD0xfNh4RM{JG|}O3UKN,1,Director of Operations,7,"[0,0]","[7,7]","[0,0]","[7,0]","[0,0]","[20,20]","[0,0]","[20,0]","[0,0]","[20,20]","[0,0]","[20,0]","[0,0]","[20,20]","[0,0]","[20,0]"
"Aug 25, 2022","U68h3w/Z}|p;V$XD(@O4G'iCSlb(yg',",1,DOBO,0,"[0,0]","[0,0]","[0,0]","[0,0]","[0,0]","[42,30]","[30,30]","[42,0]","[0,0]","[42,30]","[30,30]","[42,0]","[0,0]","[42,30]","[30,30]","[42,0]"
"Aug 25, 2022",#31=/OI/76zm~E&6)il4^B=r8r)h'dq!,1,Graduate Asisstant,19-15seconds. When other team is dribbling and not going into a shot.,"[15,0]","[15,15]","[19,19]","[19,0]","[-1,-1]","[-1,-1]","[-1,-1]","[-1,-1]","[-1,-1]","[-1,-1]","[-1,-1]","[-1,-1]","[-1,-1]","[-1,-1]","[-1,-1]","[-1,-1]"
"Aug 24, 2022","1|*`BRYd~tZ4ty""]kYY]ctug7]b>.4k*",1,Associate head coach,10,"[0,0]","[10,10]","[0,0]","[10,0]","[-1,-1]","[-1,-1]","[-1,-1]","[-1,-1]","[-1,-1]","[-1,-1]","[-1,-1]","[-1,-1]","[-1,-1]","[-1,-1]","[-1,-1]","[-1,-1]"
"Aug 24, 2022","syuc6pOu@JzV""j}zJ'_x7mM:IN<RR3Z4",1,Player Development,10,"[0,0]","[10,10]","[0,0]","[10,0]","[0,0]","[30,30]","[0,0]","[30,0]","[15,15]","[30,30]","[15,15]","[30,15]","[0,0]","[10,10]","[20,10]","[20,0]"
"Aug 24, 2022",G^@{%2%`8Pde!259c/%qN|A5cdR!Wkrl,1,,6,"[0,0]","[6,6]","[0,0]","[6,0]","[-1,-1]","[-1,-1]","[-1,-1]","[-1,-1]","[-1,-1]","[-1,-1]","[-1,-1]","[-1,-1]","[-1,-1]","[-1,-1]","[-1,-1]","[-1,-1]"
"Aug 24, 2022","Td_^`b|OW!r=38B|9N8Tjb_`?N,X7By$",1,Assistant Coach,5-8,"[5,0]","[5,5]","[8,8]","[8,0]","[0,0]","[60,30]","[30,30]","[60,0]","[0,0]","[30,30]","[0,0]","[30,0]","[0,0]","[30,30]","[0,0]","[30,0]"
"Aug 23, 2022",9p)BKT&_!vu1XZNA9TR6i&N28T6~).=5,1,,8,"[0,0]","[8,8]","[0,0]","[8,0]","[0,0]","[50,30]","[30,30]","[20,0]","[0,0]","[45,30]","[30,30]","[20,0]","[0,0]","[40,30]","[30,30]","[10,0]"
"Aug 23, 2022","zQf(s0d3$)4h*HaU(Ux)j,{aV9p{St{f",1,Assistant coach,7,"[0,0]","[7,7]","[0,0]","[7,0]","[-1,-1]","[-1,-1]","[-1,-1]","[-1,-1]","[-1,-1]","[-1,-1]","[-1,-1]","[-1,-1]","[-1,-1]","[-1,-1]","[-1,-1]","[-1,-1]"
"Aug 23, 2022",C1#N2ezNu@%dY8c/RsQ#i>0>S?byHH6Z,1,Graduate Assistant,6,"[0,0]","[6,6]","[0,0]","[6,0]","[-1,-1]","[-1,-1]","[-1,-1]","[-1,-1]","[-1,-1]","[-1,-1]","[-1,-1]","[-1,-1]","[-1,-1]","[-1,-1]","[-1,-1]","[-1,-1]"
"Aug 23, 2022",H=Y`NR;`=oztu`#~a}bI9yhG$BjDt|/P,1,Assistant Coach,7,"[0,0]","[7,7]","[0,0]","[7,0]","[-1,-1]","[-1,-1]","[-1,-1]","[-1,-1]","[-1,-1]","[-1,-1]","[-1,-1]","[-1,-1]","[-1,-1]","[-1,-1]","[-1,-1]","[-1,-1]"
"Aug 22, 2022",",>_e9dOkuRbIehEgd=3sp?z{|1kI!cfs",1,Assistant coach,8,"[0,0]","[8,8]","[0,0]","[8,0]","[-1,-1]","[-1,-1]","[-1,-1]","[-1,-1]","[-1,-1]","[-1,-1]","[-1,-1]","[-1,-1]","[-1,-1]","[-1,-1]","[-1,-1]","[-1,-1]"
"Aug 22, 2022","!q?"".%8N#:[,swE&g4kP|uVb/dsqP.5c",1,,0,"[0,0]","[0,0]","[0,0]","[0,0]","[-1,-1]","[-1,-1]","[-1,-1]","[-1,-1]","[-1,-1]","[-1,-1]","[-1,-1]","[-1,-1]","[-1,-1]","[-1,-1]","[-1,-1]","[-1,-1]"
"Aug 22, 2022","(!U]_!1.X$!CV~^Eh0N-Ewev`""b-d(3q",1,Head Coach,7,"[0,0]","[7,7]","[0,0]","[7,0]","[-1,-1]","[-1,-1]","[-1,-1]","[-1,-1]","[-1,-1]","[-1,-1]","[-1,-1]","[-1,-1]","[-1,-1]","[-1,-1]","[-1,-1]","[-1,-1]"
"Aug 22, 2022","M<Mo(VHvugkq&1:w%,,RHOasqA?tqV$3",1,Associate Head Coach,8 seconds ideally,"[0,0]","[8,8]","[0,0]","[8,0]","[0,0]","[20,20]","[0,0]","[20,0]","[0,0]","[30,30]","[0,0]","[30,0]","[0,0]","[30,30]","[0,0]","[30,0]"
"Aug 22, 2022",I~W|t&05@S|QeL2**FByKji?]6XyyoxB,1,Assistant Coach,9,"[0,0]","[9,9]","[0,0]","[9,0]","[-1,-1]","[-1,-1]","[-1,-1]","[-1,-1]","[-1,-1]","[-1,-1]","[-1,-1]","[-1,-1]","[-1,-1]","[-1,-1]","[-1,-1]","[-1,-1]"
"Aug 22, 2022","o,z`~TV01t[''(y&z80:B{UhwMV9|""sr",1,Assistant coaxh,7,"[0,0]","[7,7]","[0,0]","[7,0]","[-1,-1]","[-1,-1]","[-1,-1]","[-1,-1]","[-1,-1]","[-1,-1]","[-1,-1]","[-1,-1]","[-1,-1]","[-1,-1]","[-1,-1]","[-1,-1]"
"Aug 22, 2022",5bLQLp{nry@`(Q97}#o&(UBenQm9HX0N,1,Associate Head Coach,7,"[0,0]","[7,7]","[0,0]","[7,0]","[0,0]","[45,30]","[30,30]","[45,0]","[0,0]","[40,30]","[30,30]","[40,0]","[0,0]","[35,30]","[30,30]","[35,0]"
"Aug 21, 2022","$o,23PB""N(y)=1<EE28}:YEegs8:`KfM",1,Assistant Coach,10,"[0,0]","[10,10]","[0,0]","[10,0]","[0,0]","[60,30]","[30,30]","[60,0]","[0,0]","[45,30]","[30,30]","[45,0]","[0,0]","[45,30]","[30,30]","[45,0]"
"Aug 21, 2022","ELy""t39x~my<owyB$q1F|YljDttvJD=I",1,Video Coordinator,8,"[0,0]","[8,8]","[0,0]","[8,0]","[-1,-1]","[-1,-1]","[-1,-1]","[-1,-1]","[-1,-1]","[-1,-1]","[-1,-1]","[-1,-1]","[-1,-1]","[-1,-1]","[-1,-1]","[-1,-1]"
"Aug 21, 2022","E,$wO/FD)1Dpm-=llR!8E%cMu22|JUGW",1,DOBO,3 or 4,"[0,0]","[4,4]","[0,0]","[4,0]","[-1,-1]","[-1,-1]","[-1,-1]","[-1,-1]","[-1,-1]","[-1,-1]","[-1,-1]","[-1,-1]","[-1,-1]","[-1,-1]","[-1,-1]","[-1,-1]"
"Aug 21, 2022","/&Yky|r>=|$|2.,~-aa%xsW:;U[1F!Pj",1,Assistant Coach,10,"[0,0]","[10,10]","[0,0]","[10,0]","[0,0]","[40,30]","[30,30]","[40,0]","[0,0]","[35,30]","[30,30]","[35,0]","[0,0]","[35,30]","[30,30]","[35,0]"
"Aug 21, 2022",@ZE[%?Vs:83wSu_Diq3!V!V79cd|[t5v,1,Assistant coach,Under 10,"[0,0]","[10,10]","[0,0]","[10,0]","[-1,-1]","[-1,-1]","[-1,-1]","[-1,-1]","[-1,-1]","[-1,-1]","[-1,-1]","[-1,-1]","[-1,-1]","[-1,-1]","[-1,-1]","[-1,-1]"
"Aug 24, 2022",#Y9dr0c3rZo~jZP}p!-47FFqK$0'r*eX,2,head coach,12,"[0,0]","[12,12]","[0,0]","[12,0]","[-1,-1]","[-1,-1]","[-1,-1]","[-1,-1]","[-1,-1]","[-1,-1]","[-1,-1]","[-1,-1]","[-1,-1]","[-1,-1]","[-1,-1]","[-1,-1]"
"Aug 20, 2022","D,vL!2@;fq/b${*5c[G]5)F-IaCD%Mfp",2,Assistant Coach,20,"[0,0]","[20,20]","[0,0]","[20,0]","[0,0]","[37,30]","[30,30]","[37,0]","[0,0]","[37,30]","[30,30]","[37,0]","[0,0]","[37,30]","[30,30]","[37,0]"
"Aug 20, 2022",">8,||V{P95?_MiPA0usu%)Dbr5"":xHpe",2,Head Coach,7,"[0,0]","[7,7]","[0,0]","[7,0]","[0,0]","[37,30]","[30,30]","[7,0]","[0,0]","[37,30]","[30,30]","[7,0]","[20,20]","[30,30]","[30,30]","[30,20]"
"Aug 19, 2022",JO@&|F{y3S_w#{8{jjqV57F2<t!Lup?b,2,Head Coach,8,"[0,0]","[8,8]","[0,0]","[8,0]","[-1,-1]","[-1,-1]","[-1,-1]","[-1,-1]","[-1,-1]","[-1,-1]","[-1,-1]","[-1,-1]","[-1,-1]","[-1,-1]","[-1,-1]","[-1,-1]"
"Aug 19, 2022","qS5j?Mn3p6t.X8XO[`1`7fyV2P!{9b',",2,Student Manager,0,"[0,0]","[0,0]","[0,0]","[0,0]","[0,0]","[40,30]","[30,30]","[40,0]","[0,0]","[15,15]","[0,0]","[15,0]","[0,0]","[10,10]","[0,0]","[10,0]"
"Aug 19, 2022",t?&29Uy'v3LdCv-1=DXibzN}-<[:HAk$,2,AD,:,"[0,0]","[0,0]","[0,0]","[0,0]","[0,0]","[15,15]","[0,0]","[15,0]","[0,0]","[15,15]","[0,0]","[15,0]","[0,0]","[15,15]","[0,0]","[15,0]"
"Aug 19, 2022",IefwNa!SaZ3`9%*^yS!}SoxjfGH;A$R<,2,Head Coach,8,"[0,0]","[8,8]","[0,0]","[8,0]","[0,0]","[40,30]","[30,30]","[10,0]","[0,0]","[40,30]","[30,30]","[10,0]","[0,0]","[35,30]","[30,30]","[5,0]"
"Aug 19, 2022","2yz}9u<f_L?:*dpj1""MEju&B0}MgU'Dy",2,,7 secs.,"[0,0]","[7,7]","[0,0]","[7,0]","[0,0]","[45,30]","[30,30]","[15,0]","[0,0]","[45,30]","[30,30]","[15,0]","[-1,-1]","[-1,-1]","[-1,-1]","[-1,-1]"
"Aug 19, 2022",A'?N#u.y2K=SeC_Q;0EG0hn{rrE]r|V:,2,Graduate Assistant,15 seconds,"[0,0]","[15,15]","[0,0]","[15,0]","[-1,-1]","[-1,-1]","[-1,-1]","[-1,-1]","[-1,-1]","[-1,-1]","[-1,-1]","[-1,-1]","[-1,-1]","[-1,-1]","[-1,-1]","[-1,-1]"
"Aug 18, 2022","O"":m-[,48PS/JtU""@^a(R2J&,WO6nosl",2,Head Coach,6,"[0,0]","[6,6]","[0,0]","[6,0]","[-1,-1]","[-1,-1]","[-1,-1]","[-1,-1]","[0,0]","[35,30]","[30,30]","[35,0]","[0,0]","[35,30]","[30,30]","[35,0]"
"Aug 18, 2022",=xQ}wNinxW:T1RK[:FFx>X4||`S[qpdR,2,Assistant coach,as soon as they get aggressive under 10 sec,"[0,0]","[10,10]","[0,0]","[10,0]","[-1,-1]","[-1,-1]","[-1,-1]","[-1,-1]","[-1,-1]","[-1,-1]","[-1,-1]","[-1,-1]","[-1,-1]","[-1,-1]","[-1,-1]","[-1,-1]"
"Aug 18, 2022","4<7*NIMOX51o_@IMHCZ3SqXns7,LA&ND",2,Assistant Men's Basketball coach,9,"[0,0]","[9,9]","[0,0]","[9,0]","[-1,-1]","[-1,-1]","[-1,-1]","[-1,-1]","[-1,-1]","[-1,-1]","[-1,-1]","[-1,-1]","[-1,-1]","[-1,-1]","[-1,-1]","[-1,-1]"
"Aug 17, 2022","n6I`rnNW2`_},)#]Eb<_W6zQ7V#=w(Mp",2,Assistant Coach,12,"[0,0]","[12,12]","[0,0]","[12,0]","[0,0]","[45,30]","[30,30]","[15,0]","[0,0]","[45,30]","[30,30]","[15,0]","[0,0]","[45,30]","[30,30]","[15,0]"
"Aug 17, 2022",,2,Asst. Coach,8,"[0,0]","[8,8]","[0,0]","[8,0]","[-1,-1]","[-1,-1]","[-1,-1]","[-1,-1]","[-1,-1]","[-1,-1]","[-1,-1]","[-1,-1]","[-1,-1]","[-1,-1]","[-1,-1]","[-1,-1]"
"Aug 16, 2022",";Z1Q4h""ywk""mtH|*:0].BON:%%FPXdz1",2,Assistant Coach,10,"[0,0]","[10,10]","[0,0]","[10,0]","[-1,-1]","[-1,-1]","[-1,-1]","[-1,-1]","[-1,-1]","[-1,-1]","[-1,-1]","[-1,-1]","[-1,-1]","[-1,-1]","[-1,-1]","[-1,-1]"
"Aug 16, 2022","#`""czidhhcUP""iQPOwUqD@GNXzz=vV|D",2,Head coach,5 seconds,"[0,0]","[5,5]","[0,0]","[5,0]","[-1,-1]","[-1,-1]","[-1,-1]","[-1,-1]","[-1,-1]","[-1,-1]","[-1,-1]","[-1,-1]","[-1,-1]","[-1,-1]","[-1,-1]","[-1,-1]"
"Aug 16, 2022",sc@kZ&IEwLVag.I=0K(;t;B&TqAA84*T,2,Assistant Coach,5,"[0,0]","[5,5]","[0,0]","[5,0]","[-1,-1]","[-1,-1]","[-1,-1]","[-1,-1]","[-1,-1]","[-1,-1]","[-1,-1]","[-1,-1]","[-1,-1]","[-1,-1]","[-1,-1]","[-1,-1]"
"Aug 16, 2022",&<9PQ!=TG_|EMZE:h1N0MDBcN#^C8n9{,2,Head Coach,10,"[0,0]","[10,10]","[0,0]","[10,0]","[-1,-1]","[-1,-1]","[-1,-1]","[-1,-1]","[-1,-1]","[-1,-1]","[-1,-1]","[-1,-1]","[-1,-1]","[-1,-1]","[-1,-1]","[-1,-1]"
"Aug 16, 2022","pToKz""fZO:WE2-]aNb{hnXy%bJUI[8U""",2,Head Coach,6,"[0,0]","[6,6]","[0,0]","[6,0]","[-1,-1]","[-1,-1]","[-1,-1]","[-1,-1]","[-1,-1]","[-1,-1]","[-1,-1]","[-1,-1]","[-1,-1]","[-1,-1]","[-1,-1]","[-1,-1]"
"Aug 16, 2022","bL?l,sKvL6l$G2P1P2fUvAwZ9A;6OxoK",2,Graduate assistant,Ten,"[0,0]","[10,10]","[0,0]","[10,0]","[-1,-1]","[-1,-1]","[-1,-1]","[-1,-1]","[-1,-1]","[-1,-1]","[-1,-1]","[-1,-1]","[-1,-1]","[-1,-1]","[-1,-1]","[-1,-1]"
"Aug 16, 2022","lGg:bI?|'>na"",%!n<?5_-L/ly^,qYQ7",2,Graduate Assistant Coach,6,"[0,0]","[6,6]","[0,0]","[6,0]","[0,0]","[35,30]","[30,30]","[5,0]","[-1,-1]","[-1,-1]","[-1,-1]","[-1,-1]","[-1,-1]","[-1,-1]","[-1,-1]","[-1,-1]"
"Aug 16, 2022",<m9__4rUBU}zOG)_G6OvY<3F8i||r~U*,2,,12,"[0,0]","[12,12]","[0,0]","[12,0]","[0,0]","[30,30]","[0,0]","[30,0]","[0,0]","[30,30]","[0,0]","[30,0]","[0,0]","[30,30]","[0,0]","[30,0]"
"Sep 5, 2022",",z1q^i<Z`""J""]j4=u/.[_7Mt]CzlH-~~",3,Head Coach,7.0,"[0,0]","[7,7]","[0,0]","[7,0]","[0,0]","[45,30]","[30,30]","[45,0]","[0,0]","[40,30]","[30,30]","[40,0]","[0,0]","[35,30]","[30,30]","[35,0]"
"Aug 22, 2022",hlG>]Ph];/ro_R:<z6I!t[YJFaDF5&0>,3,Associate Head Coach,7.4,"[0,0]","[7.4,7.4]","[0,0]","[7.4,0]","[0,0]","[35,30]","[30,30]","[35,0]","[0,0]","[35,30]","[30,30]","[35,0]","[0,0]","[35,30]","[30,30]","[35,0]"
"Aug 22, 2022",*;_<.8K}%Z)~wvmMwn{XuXG--01KF<A$,3,Head Coach,7,"[0,0]","[7,7]","[0,0]","[7,0]","[0,0]","[40,30]","[30,30]","[40,0]","[0,0]","[40,30]","[30,30]","[40,0]","[0,0]","[40,30]","[30,30]","[40,0]"
"Aug 17, 2022","`s4(k<F_'@8Gdu>7JrFps4,C#i_'Dmdb",3,Head Coach,10,"[0,0]","[10,10]","[0,0]","[10,0]","[0,0]","[40,30]","[30,30]","[10,0]","[0,0]","[40,30]","[30,30]","[10,0]","[0,0]","[40,30]","[30,30]","[10,0]"
"Aug 17, 2022",">$Aj;c)_rvGi,xTPW@^p""s4Llg|DZB-n",3,Head coach,8,"[0,0]","[8,8]","[0,0]","[8,0]","[-1,-1]","[-1,-1]","[-1,-1]","[-1,-1]","[-1,-1]","[-1,-1]","[-1,-1]","[-1,-1]","[-1,-1]","[-1,-1]","[-1,-1]","[-1,-1]"
"Aug 16, 2022",w#gTW`jxElI^m?e|Rrl=;k]ur<0ch5Mr,3,Head Coach,5,"[0,0]","[5,5]","[0,0]","[5,0]","[0,0]","[20,20]","[0,0]","[20,0]","[0,0]","[40,30]","[30,30]","[40,0]","[0,0]","[40,30]","[30,30]","[40,0]"
"Aug 16, 2022","""geSj`DTx_/R|bd0tRpyALK{GJx[Xd)M",3,Head Coach,6,"[0,0]","[6,6]","[0,0]","[6,0]","[-1,-1]","[-1,-1]","[-1,-1]","[-1,-1]","[-1,-1]","[-1,-1]","[-1,-1]","[-1,-1]","[-1,-1]","[-1,-1]","[-1,-1]","[-1,-1]"
"Aug 16, 2022","PSk%i2?m.q57mS8""I4,5@f{ZYDx6jrD%",3,Director of Digital Media,10,"[0,0]","[10,10]","[0,0]","[10,0]","[0,0]","[40,30]","[30,30]","[40,0]","[0,0]","[30,30]","[0,0]","[30,0]","[0,0]","[20,20]","[0,0]","[20,0]"
"Aug 16, 2022",PiW3Z5JF=X[[U7kxv^R8n<.Q2IZP(wHK,3,Head Men's Basketball Coach,7,"[0,0]","[7,7]","[0,0]","[7,0]","[0,0]","[25,15]","[15,15]","[25,0]","[0,0]","[20,20]","[0,0]","[20,0]","[0,0]","[25,20]","[20,20]","[25,0]"
"Aug 16, 2022",/H'm6[x~>)|Dal&7|D;Aoi'SI62{c1#e,3,Head Coach,10,"[0,0]","[10,10]","[0,0]","[10,0]","[-1,-1]","[-1,-1]","[-1,-1]","[-1,-1]","[-1,-1]","[-1,-1]","[-1,-1]","[-1,-1]","[-1,-1]","[-1,-1]","[-1,-1]","[-1,-1]"
"Aug 16, 2022",rtbLpeJ83TNGL:NN&%[zG?i5ji(*)Av-,3,Video Coordinator,Never,"[0,0]","[0,0]","[0,0]","[0,0]","[-1,-1]","[-1,-1]","[-1,-1]","[-1,-1]","[-1,-1]","[-1,-1]","[-1,-1]","[-1,-1]","[-1,-1]","[-1,-1]","[-1,-1]","[-1,-1]"
"Aug 16, 2022","lOojJYhXSupdJf7ZjdcY{dD&Z"".*E|.q",3,Assistant Coach,7,"[0,0]","[7,7]","[0,0]","[7,0]","[-1,-1]","[-1,-1]","[-1,-1]","[-1,-1]","[-1,-1]","[-1,-1]","[-1,-1]","[-1,-1]","[-1,-1]","[-1,-1]","[-1,-1]","[-1,-1]"
"Aug 16, 2022","{Oa)Zf5miO?}hbq~(SAYh{Ne:#j,Cz.}",3,Head Coach,5,"[0,0]","[5,5]","[0,0]","[5,0]","[-1,-1]","[-1,-1]","[-1,-1]","[-1,-1]","[-1,-1]","[-1,-1]","[-1,-1]","[-1,-1]","[-1,-1]","[-1,-1]","[-1,-1]","[-1,-1]"
"Aug 16, 2022",>@$ZM0`J-(UrC^:6]RRlgH:#?c%fjt{N,3,,6,"[0,0]","[6,6]","[0,0]","[6,0]","[-1,-1]","[-1,-1]","[-1,-1]","[-1,-1]","[-1,-1]","[-1,-1]","[-1,-1]","[-1,-1]","[-1,-1]","[-1,-1]","[-1,-1]","[-1,-1]"
"Aug 16, 2022",g-P5WxZlm<GJEf<n{Yzg:O9On[~OOzd?,3,Asst coach,5,"[0,0]","[5,5]","[0,0]","[5,0]","[0,0]","[30,30]","[0,0]","[30,0]","[0,0]","[30,30]","[0,0]","[30,0]","[0,0]","[30,30]","[0,0]","[30,0]"
"Aug 16, 2022","D>hz5C2LI3<_UxegD?3V0DEyE?,n.L&8",3,Head Coach,4,"[0,0]","[4,4]","[0,0]","[4,0]","[-1,-1]","[-1,-1]","[-1,-1]","[-1,-1]","[-1,-1]","[-1,-1]","[-1,-1]","[-1,-1]","[-1,-1]","[-1,-1]","[-1,-1]","[-1,-1]"
"Aug 16, 2022",{w~|gGr3PD_rLSnoNr8zTFLG$iYdK5*>,3,Head Coach,6,"[0,0]","[6,6]","[0,0]","[6,0]","[0,0]","[30,30]","[0,0]","[30,0]","[0,0]","[25,25]","[0,0]","[25,0]","[0,0]","[20,20]","[0,0]","[20,0]"
"Aug 16, 2022",g&MrnN2?dHG)A/V<BB|J-`-s$7Gia{U|,3,Head Coach,2,"[0,0]","[2,2]","[0,0]","[2,0]","[0,0]","[35,30]","[30,30]","[35,0]","[0,0]","[35,30]","[30,30]","[35,0]","[0,0]","[20,20]","[0,0]","[20,0]"
"Aug 16, 2022","f|5,/LSxuhe]x4|]R*weK,K`L)]SmXAU",3,,5-6 seconds,"[0,0]","[6,6]","[0,0]","[6,0]","[0,0]","[35,30]","[30,30]","[35,0]","[0,0]","[35,30]","[30,30]","[35,0]","[0,0]","[35,30]","[30,30]","[35,0]"
"Aug 16, 2022",/Oh3U>/*2q(JiBBaTlDK~v(x/3]QGUk`,3,Associate Head Coach,13,"[0,0]","[13,13]","[0,0]","[13,0]","[-1,-1]","[-1,-1]","[-1,-1]","[-1,-1]","[-1,-1]","[-1,-1]","[-1,-1]","[-1,-1]","[-1,-1]","[-1,-1]","[-1,-1]","[-1,-1]"
"Aug 15, 2022",b0UzSEa@50_D!2{Y`0%e<xXJb|Sr|#Jx,3,Student Assistant,12,"[0,0]","[12,12]","[0,0]","[12,0]","[0,0]","[37,30]","[30,30]","[37,0]","[0,0]","[37,30]","[30,30]","[37,0]","[0,0]","[37,30]","[30,30]","[37,0]"
"Aug 15, 2022",|@#Q{6@>t83v/r4D}@b$90l&h@A]gB<d,3,Head Mens Basketball Coach,Play it out,"[0,0]","[0,0]","[0,0]","[0,0]","[-1,-1]","[-1,-1]","[-1,-1]","[-1,-1]","[-1,-1]","[-1,-1]","[-1,-1]","[-1,-1]","[-1,-1]","[-1,-1]","[-1,-1]","[-1,-1]"
"Aug 15, 2022",%5}@H`i[S>Kp^NV1}0@_ywP|lCv}ge-8,3,Assistant Coach,0,"[0,0]","[0,0]","[0,0]","[0,0]","[-1,-1]","[-1,-1]","[-1,-1]","[-1,-1]","[-1,-1]","[-1,-1]","[-1,-1]","[-1,-1]","[-1,-1]","[-1,-1]","[-1,-1]","[-1,-1]"
"Aug 15, 2022",|g0=$*/fGEOEWPe`6{XFnI4KQ^DMH_T/,3,,5 or less seconds,"[0,0]","[5,5]","[0,0]","[5,0]","[-1,-1]","[-1,-1]","[-1,-1]","[-1,-1]","[-1,-1]","[-1,-1]","[-1,-1]","[-1,-1]","[-1,-1]","[-1,-1]","[-1,-1]","[-1,-1]"
"Aug 12, 2022","^&^U]d)IQ;0.5|""gWvrbLcBves*@OlgX",3,Sports Information Director,8,"[0,0]","[8,8]","[0,0]","[8,0]","[-1,-1]","[-1,-1]","[-1,-1]","[-1,-1]","[-1,-1]","[-1,-1]","[-1,-1]","[-1,-1]","[-1,-1]","[-1,-1]","[-1,-1]","[-1,-1]"
"Aug 11, 2022",R.l5Br{LK46aToqkM>qCG'kP`S$3b>X^,3,Head Coach,7,"[0,0]","[7,7]","[0,0]","[7,0]","[-1,-1]","[-1,-1]","[-1,-1]","[-1,-1]","[-1,-1]","[-1,-1]","[-1,-1]","[-1,-1]","[-1,-1]","[-1,-1]","[-1,-1]","[-1,-1]"
"Aug 11, 2022","yhFtM)Eu-Uq)ySu[XHd'k/<7mVGeg,^}",3,Associate Head Coach,8,"[0,0]","[8,8]","[0,0]","[8,0]","[0,0]","[30,30]","[0,0]","[30,0]","[0,0]","[30,30]","[0,0]","[30,0]","[0,0]","[30,30]","[0,0]","[30,0]"
"Aug 9, 2022","i-7z]d<h,xpt=)7N$G.qI5)b=A|ih0O'",3,Head Coach,under 5,"[0,0]","[5,5]","[0,0]","[5,0]","[5,5]","[35,30]","[30,30]","[35,5]","[10,10]","[30,30]","[30,30]","[30,10]","[0,0]","[10,10]","[0,0]","[10,0]"
"Aug 9, 2022",Y}>0T{B<%fQ|Xh?~*w;KpfF!DC;/Y'-W,3,Head Coach,Under 8,"[0,0]","[8,8]","[0,0]","[8,0]","[0,0]","[40,30]","[30,30]","[40,0]","[0,0]","[40,30]","[30,30]","[40,0]","[0,0]","[35,30]","[30,30]","[35,0]"
"Aug 8, 2022","{!;#6't,""JbkI{q@!A|||DkbA^>30p;d",3,Head Coach,7,"[0,0]","[7,7]","[0,0]","[7,0]","[-1,-1]","[-1,-1]","[-1,-1]","[-1,-1]","[-1,-1]","[-1,-1]","[-1,-1]","[-1,-1]","[-1,-1]","[-1,-1]","[-1,-1]","[-1,-1]"
"Aug 8, 2022",:!Gh8Vp'<-Oq]]3Cv#Fd?q/pa{y!untZ,3,Assistant Coach,5,"[0,0]","[5,5]","[0,0]","[5,0]","[15,8]","[35,30]","[30,30]","[35,8]","[20,10]","[30,30]","[35,15]","[35,30]","[25,15]","[25,25]","[25,15]","[15,15]"
"Aug 8, 2022",P[z!h7v&]X%)$z*$Hgjg7O}lXgRRWI{8,3,Head Coach,~5,"[0,0]","[5,5]","[0,0]","[5,0]","[-1,-1]","[-1,-1]","[-1,-1]","[-1,-1]","[-1,-1]","[-1,-1]","[-1,-1]","[-1,-1]","[-1,-1]","[-1,-1]","[-1,-1]","[-1,-1]"
"Aug 8, 2022",[BkV.9`gHc1=|*/~|8a}rL-l.0@tW=3S,3,,9,"[0,0]","[9,9]","[0,0]","[9,0]","[-1,-1]","[-1,-1]","[-1,-1]","[-1,-1]","[-1,-1]","[-1,-1]","[-1,-1]","[-1,-1]","[-1,-1]","[-1,-1]","[-1,-1]","[-1,-1]"
"Aug 7, 2022",yc5`]~2fhL$^%h}Qzjcmby|i!HnSzm]2,3,Assistant Coach,7,"[0,0]","[7,7]","[0,0]","[7,0]","[5,0]","[40,30]","[35,30]","[40,0]","[0,0]","[20,20]","[0,0]","[20,0]","[0,0]","[7,7]","[0,0]","[7,0]"
"Aug 7, 2022",N(qhCOo6NEWHJE|75zBOkuXDi_dE5/-Z,3,Asst coach,8,"[0,0]","[8,8]","[0,0]","[8,0]","[-1,-1]","[-1,-1]","[-1,-1]","[-1,-1]","[-1,-1]","[-1,-1]","[-1,-1]","[-1,-1]","[-1,-1]","[-1,-1]","[-1,-1]","[-1,-1]"
"Aug 7, 2022","""Xg&y-si%?d}mp#blL)d^JN(p~y'sn5L",3,Assistant Coach,7,"[0,0]","[7,7]","[0,0]","[7,0]","[-1,-1]","[-1,-1]","[-1,-1]","[-1,-1]","[-1,-1]","[-1,-1]","[-1,-1]","[-1,-1]","[-1,-1]","[-1,-1]","[-1,-1]","[-1,-1]"
"Aug 7, 2022","ZbD%R~OqWf)(1g;""F>25RYzr;)G)QD?F",3,Head coach,6,"[0,0]","[6,6]","[0,0]","[6,0]","[-1,-1]","[-1,-1]","[-1,-1]","[-1,-1]","[-1,-1]","[-1,-1]","[-1,-1]","[-1,-1]","[-1,-1]","[-1,-1]","[-1,-1]","[-1,-1]"
"Aug 6, 2022","'_9"".TUH^wQZDL""KE;/1^6ct.yFepoFl",3,Head Coach,4,"[0,0]","[4,4]","[0,0]","[4,0]","[-1,-1]","[-1,-1]","[-1,-1]","[-1,-1]","[-1,-1]","[-1,-1]","[-1,-1]","[-1,-1]","[-1,-1]","[-1,-1]","[-1,-1]","[-1,-1]"
"Aug 6, 2022",wM0m?/@zw)D%7t2OLXk]tD~k)CA4wXfy,3,Head Coach,0,"[0,0]","[0,0]","[0,0]","[0,0]","[0,0]","[30,30]","[35,30]","[5,0]","[0,0]","[30,30]","[30,20]","[5,0]","[0,0]","[30,30]","[40,30]","[10,0]"
"Aug 6, 2022",9@P>^:?^&:DSgQa^[.4a!mu=|-gLY@D|,3,Head Coach,Not at all,"[0,0]","[0,0]","[0,0]","[0,0]","[-1,-1]","[-1,-1]","[-1,-1]","[-1,-1]","[-1,-1]","[-1,-1]","[-1,-1]","[-1,-1]","[-1,-1]","[-1,-1]","[-1,-1]","[-1,-1]"
"Aug 6, 2022",/@.YmN{_*tTV@I60eDo2!<m6@:|su4*0,3,,8,"[0,0]","[8,8]","[0,0]","[8,0]","[-1,-1]","[-1,-1]","[-1,-1]","[-1,-1]","[-1,-1]","[-1,-1]","[-1,-1]","[-1,-1]","[-1,-1]","[-1,-1]","[-1,-1]","[-1,-1]"